target,prediction,flag,roll_id,row_index
62.14,62.14,input,0,0
62.15,62.15,input,0,1
62.15,62.15,input,0,2
62.13,62.13,input,0,3
62.13,62.13,input,0,4
62.14,62.14,input,0,5
62.15,62.15,input,0,6
62.15,62.15,input,0,7
62.15,62.15,input,0,8
62.13,62.13,input,0,9
62.14,62.14,input,0,10
62.15,62.15,input,0,11
62.17,62.17,input,0,12
62.17,62.17,input,0,13
62.15,62.15,input,0,14
62.13,62.13,input,0,15
62.15,62.15,input,0,16
62.15,62.15,input,0,17
62.14,62.14,input,0,18
62.15,62.15,input,0,19
62.15,62.15,input,0,20
62.17,62.17,input,0,21
62.15,62.15,input,0,22
62.14,62.14,input,0,23
62.13,62.13,input,0,24
62.14,62.14,input,0,25
62.15,62.15,input,0,26
62.15,62.15,input,0,27
62.13,62.13,input,0,28
62.15,62.15,input,0,29
62.13,62.13,input,0,30
62.16,62.16,input,0,31
62.15,62.15,input,0,32
62.15,62.15,input,0,33
62.13,62.13,input,0,34
62.14,62.14,input,0,35
62.13,62.13,input,0,36
62.14,62.14,input,0,37
62.15,62.15,input,0,38
62.17,62.17,input,0,39
62.17,62.17,input,0,40
62.17,62.17,input,0,41
62.16,62.16,input,0,42
62.17,62.17,input,0,43
62.15,62.15,input,0,44
62.14,62.14,input,0,45
62.13,62.13,input,0,46
62.13,62.13,input,0,47
62.13,62.13,input,0,48
62.13,62.13,input,0,49
62.12,62.12,input,0,50
62.11,62.11,input,0,51
62.12,62.12,input,0,52
62.13,62.13,input,0,53
62.12,62.12,input,0,54
62.12,62.12,input,0,55
62.12,62.12,input,0,56
62.13,62.13,input,0,57
62.13,62.13,input,0,58
62.12,62.12,input,0,59
62.11,62.11,input,0,60
62.12,62.12,input,0,61
62.11,62.11,input,0,62
62.11,62.11,input,0,63
62.11,62.11,input,0,64
62.11,62.11,input,0,65
62.12,62.12,input,0,66
62.12,62.12,input,0,67
62.11,62.11,input,0,68
62.11,62.11,input,0,69
62.11,62.11,input,0,70
62.11,62.11,input,0,71
62.11,62.11,input,0,72
62.11,62.11,input,0,73
62.11,62.11,input,0,74
62.11,62.11,input,0,75
62.11,62.11,input,0,76
62.1,62.1,input,0,77
62.1,62.1,input,0,78
62.51,62.51,input,0,79
63.45,63.45,input,0,80
64.22,64.22,input,0,81
64.66,64.66,input,0,82
64.96,64.96,input,0,83
65.2,65.2,input,0,84
65.44,65.44,input,0,85
65.64,65.64,input,0,86
65.81,65.81,input,0,87
65.96,65.96,input,0,88
66.12,66.12,input,0,89
66.26,66.26,input,0,90
66.4,66.4,input,0,91
66.52,66.52,input,0,92
66.63,66.63,input,0,93
66.79,66.79,input,0,94
66.94,66.94,input,0,95
67.09,67.09,input,0,96
67.29,67.29,input,0,97
67.57,67.57,input,0,98
67.87,67.87,input,0,99
68.2,68.2,input,0,100
68.53,68.53,input,0,101
68.89,68.89,input,0,102
69.31,69.31,input,0,103
69.96,69.96,input,0,104
71.06,71.06,input,0,105
71.87,71.87,input,0,106
72.42,72.42,input,0,107
72.8,72.8,input,0,108
73.05,73.05,input,0,109
73.19,73.19,input,0,110
73.28,73.28,input,0,111
73.35,73.35,input,0,112
73.39,73.39,input,0,113
73.46,73.46,input,0,114
73.5,73.5,input,0,115
73.48,73.48,input,0,116
73.45,73.45,input,0,117
73.39,73.39,input,0,118
73.33,73.33,input,0,119
73.34,73.34,input,0,120
73.36,73.36,input,0,121
73.3,73.3,input,0,122
73.21,73.21,input,0,123
73.09,73.09,input,0,124
72.96,72.96,input,0,125
72.92,72.92,input,0,126
72.93,72.93,input,0,127
72.89,72.89,input,0,128
72.82,72.82,input,0,129
72.71,72.71,input,0,130
72.59,72.59,input,0,131
72.45,72.45,input,0,132
72.29,72.29,input,0,133
72.12,72.12,input,0,134
71.95,71.95,input,0,135
71.77,71.77,input,0,136
71.58,71.58,input,0,137
71.38,71.38,input,0,138
71.18,71.18,input,0,139
71.03,71.03,input,0,140
71.16,71.16,input,0,141
71.11,71.11,input,0,142
71.0,71.0,input,0,143
70.85,70.85,input,0,144
70.68,70.68,input,0,145
70.5,70.5,input,0,146
70.32,70.32,input,0,147
70.14,70.14,input,0,148
69.94,69.94,input,0,149
69.74,69.74,input,0,150
69.55,69.55,input,0,151
69.35,69.35,input,0,152
69.13,69.13,input,0,153
68.91,68.91,input,0,154
68.73,68.73,input,0,155
68.6,68.6,input,0,156
68.39,68.39,input,0,157
68.16,68.16,input,0,158
67.92,67.92,input,0,159
67.67,67.67,input,0,160
67.44,67.44,input,0,161
67.21,67.21,input,0,162
67.0,67.0,input,0,163
66.79,66.79,input,0,164
66.6,66.6,input,0,165
66.41,66.41,input,0,166
66.27,66.27,input,0,167
66.12,66.12,input,0,168
65.96,65.96,input,0,169
65.83,65.83,input,0,170
65.7,65.7,input,0,171
65.71,65.71,input,0,172
66.13,66.13,input,0,173
66.18,66.18,input,0,174
66.15,66.15,input,0,175
66.09,66.09,input,0,176
66.01,66.01,input,0,177
65.92,65.92,input,0,178
65.82,65.82,input,0,179
65.72,65.72,input,0,180
65.61,65.61,input,0,181
65.56,65.56,input,0,182
65.55,65.55,input,0,183
65.47,65.47,input,0,184
65.42,65.42,input,0,185
65.35,65.35,input,0,186
65.26,65.26,input,0,187
65.16,65.16,input,0,188
65.05,65.05,input,0,189
64.93,64.93,input,0,190
64.8,64.8,input,0,191
64.68,64.68,input,0,192
64.78,64.78,input,0,193
64.98,64.98,input,0,194
65.0,65.0,input,0,195
64.97,64.97,input,0,196
64.9,64.9,input,0,197
64.82,64.82,input,0,198
64.78,64.78,input,0,199
64.86,64.86,input,0,200
64.85,64.85,input,0,201
64.8,64.8,input,0,202
64.73,64.73,input,0,203
64.67,64.67,input,0,204
64.59,64.59,input,0,205
64.5,64.5,input,0,206
64.42,64.42,input,0,207
64.35,64.35,input,0,208
64.25,64.25,input,0,209
64.15,64.15,input,0,210
64.04,64.04,input,0,211
63.92,63.92,input,0,212
63.79,63.79,input,0,213
63.66,63.66,input,0,214
63.51,63.51,input,0,215
63.35,63.35,input,0,216
63.19,63.19,input,0,217
62.98,62.98,input,0,218
62.79,62.79,input,0,219
63.54,63.54,input,0,220
65.22,65.22,input,0,221
66.34,66.34,input,0,222
66.75,66.75,input,0,223
66.96,66.96,input,0,224
66.89,66.89,input,0,225
66.73,66.73,input,0,226
66.54,66.54,input,0,227
68.65,68.65,input,0,228
70.05,70.05,input,0,229
70.34,70.34,input,0,230
70.24,70.24,input,0,231
70.01,70.01,input,0,232
69.7,69.7,input,0,233
69.46,69.46,input,0,234
69.32,69.32,input,0,235
69.12,69.12,input,0,236
68.84,68.84,input,0,237
68.43,68.43,input,0,238
68.0,68.0,input,0,239
67.67,67.67,input,0,240
67.21,67.21,input,0,241
66.74,66.74,input,0,242
66.24,66.24,input,0,243
65.7,65.7,input,0,244
65.07,65.07,input,0,245
64.37,64.37,input,0,246
63.63,63.63,input,0,247
62.94,62.94,input,0,248
62.37,62.37,input,0,249
62.03,62.03,input,0,250
62.01,62.01,input,0,251
62.02,62.02,input,0,252
62.04,62.04,input,0,253
62.05,62.05,input,0,254
62.05,62.05,input,0,255
62.04,62.04,input,0,256
62.03,62.03,input,0,257
62.03,62.03,input,0,258
62.03,62.03,input,0,259
62.05,62.05,input,0,260
62.07,62.07,input,0,261
62.06,62.06,input,0,262
62.06,62.06,input,0,263
62.05,62.05,input,0,264
62.05,62.05,input,0,265
62.05,62.05,input,0,266
62.07,62.07,input,0,267
62.06,62.06,input,0,268
62.05,62.05,input,0,269
62.05,62.05,input,0,270
62.04,62.04,input,0,271
62.04,62.04,input,0,272
62.04,62.04,input,0,273
62.04,62.04,input,0,274
62.04,62.04,input,0,275
62.04,62.04,input,0,276
62.05,62.05,input,0,277
62.07,62.07,input,0,278
62.07,62.07,input,0,279
62.05,62.05,input,0,280
62.07,62.07,input,0,281
62.07,62.07,input,0,282
62.06,62.06,input,0,283
62.05,62.05,input,0,284
62.08,62.08,input,0,285
62.08,62.08,input,0,286
62.09,62.09,input,0,287
62.09,62.09,input,0,288
62.09,62.09,input,0,289
62.09,62.09,input,0,290
62.08,62.08,input,0,291
62.07,62.07,input,0,292
62.08,62.08,input,0,293
62.07,62.07,input,0,294
62.07,62.07,input,0,295
62.07,62.07,input,0,296
62.07,62.07,input,0,297
62.06,62.06,input,0,298
62.07,62.07,input,0,299
62.09,62.09,input,0,300
62.08,62.08,input,0,301
62.08,62.08,input,0,302
62.09,62.09,input,0,303
62.08,62.08,input,0,304
62.09,62.09,input,0,305
62.09,62.09,input,0,306
62.1,62.1,input,0,307
62.11,62.11,input,0,308
62.1,62.1,input,0,309
62.12,62.12,input,0,310
62.12,62.12,input,0,311
62.11,62.11,input,0,312
62.12,62.12,input,0,313
62.1,62.1,input,0,314
62.08,62.08,input,0,315
62.1,62.1,input,0,316
62.1,62.1,input,0,317
62.13,62.13,input,0,318
62.13,62.13,input,0,319
62.13,62.13,input,0,320
62.12,62.12,input,0,321
62.12,62.12,input,0,322
62.13,62.13,input,0,323
62.12,62.12,input,0,324
62.13,62.13,input,0,325
62.12,62.12,input,0,326
62.09,62.09,input,0,327
62.11,62.11,input,0,328
62.13,62.13,input,0,329
62.12,62.12,input,0,330
62.14,62.14,input,0,331
62.15,62.15,input,0,332
62.13,62.13,input,0,333
62.13,62.13,input,0,334
62.11,62.11,input,0,335
62.12,62.12,input,0,336
62.15,62.15,input,0,337
62.15,62.15,input,0,338
62.15,62.15,input,0,339
62.15,62.15,input,0,340
62.15,62.15,input,0,341
62.17,62.17,input,0,342
62.13,62.13,input,0,343
62.12,62.12,input,0,344
62.11,62.11,input,0,345
62.13,62.13,input,0,346
62.12,62.12,input,0,347
62.13,62.13,input,0,348
62.14,62.14,input,0,349
62.13,62.13,input,0,350
62.12,62.12,input,0,351
62.14,62.14,input,0,352
62.15,62.15,input,0,353
62.15,62.15,input,0,354
62.16,62.16,input,0,355
62.16,62.16,input,0,356
62.16,62.16,input,0,357
62.17,62.17,input,0,358
62.16,62.16,input,0,359
62.15,62.15,input,0,360
62.17,62.17,input,0,361
62.16,62.16,input,0,362
62.15,62.15,input,0,363
62.13,62.13,input,0,364
62.15,62.15,input,0,365
62.15,62.15,input,0,366
62.15,62.15,input,0,367
62.16,62.16,input,0,368
62.18,62.18,input,0,369
62.16,62.16,input,0,370
62.16,62.16,input,0,371
62.15,62.15,input,0,372
62.16,62.16,input,0,373
62.18,62.18,input,0,374
62.15,62.15,input,0,375
62.15,62.15,input,0,376
62.16,62.16,input,0,377
62.17,62.17,input,0,378
62.17,62.17,input,0,379
62.17,62.17,input,0,380
62.17,62.17,input,0,381
62.17,62.17,input,0,382
62.16,62.16,input,0,383
62.14,62.14,input,0,384
62.14,62.14,input,0,385
62.16,62.16,input,0,386
62.15,62.15,input,0,387
62.16,62.16,input,0,388
62.16,62.16,input,0,389
62.17,62.17,input,0,390
62.17,62.17,input,0,391
62.17,62.17,input,0,392
62.14,62.14,input,0,393
62.12,62.12,input,0,394
62.12,62.12,input,0,395
62.14,62.14,input,0,396
62.14,62.14,input,0,397
62.16,62.16,input,0,398
62.16,62.16,input,0,399
62.18,62.18,input,0,400
62.19,62.19,input,0,401
62.18,62.18,input,0,402
62.18,62.18,input,0,403
62.22,62.22,input,0,404
62.19,62.19,input,0,405
62.18,62.18,input,0,406
62.15,62.15,input,0,407
62.13,62.13,input,0,408
62.12,62.12,input,0,409
62.13,62.13,input,0,410
62.14,62.14,input,0,411
62.13,62.13,input,0,412
62.12,62.12,input,0,413
62.12,62.12,input,0,414
62.14,62.14,input,0,415
62.14,62.14,input,0,416
62.13,62.13,input,0,417
62.12,62.12,input,0,418
62.12,62.12,input,0,419
62.13,62.13,input,0,420
62.14,62.14,input,0,421
62.15,62.15,input,0,422
62.15,62.15,input,0,423
62.16,62.16,input,0,424
62.13,62.13,input,0,425
62.13,62.13,input,0,426
62.12,62.12,input,0,427
62.12,62.12,input,0,428
62.12,62.12,input,0,429
62.12,62.12,input,0,430
62.14,62.14,input,0,431
62.13,62.13,input,0,432
62.12,62.12,input,0,433
62.12,62.12,input,0,434
66.34,66.34,input,0,435
68.99,68.99,input,0,436
69.86,69.86,input,0,437
70.47,70.47,input,0,438
70.87,70.87,input,0,439
71.18,71.18,input,0,440
71.42,71.42,input,0,441
71.62,71.62,input,0,442
71.82,71.82,input,0,443
72.11,72.11,input,0,444
72.44,72.44,input,0,445
72.76,72.76,input,0,446
73.04,73.04,input,0,447
73.28,73.28,input,0,448
73.47,73.47,input,0,449
73.66,73.66,input,0,450
73.87,73.87,input,0,451
74.16,74.16,input,0,452
74.44,74.44,input,0,453
74.64,74.64,input,0,454
74.81,74.81,input,0,455
74.98,74.98,input,0,456
75.22,75.22,input,0,457
75.45,75.45,input,0,458
75.62,75.62,input,0,459
75.81,75.81,input,0,460
75.98,75.98,input,0,461
76.03,76.03,input,0,462
76.02,76.02,input,0,463
76.01,76.01,input,0,464
76.03,76.03,input,0,465
76.02,76.02,input,0,466
75.99,75.99,input,0,467
75.94,75.94,input,0,468
75.88,75.88,input,0,469
75.81,75.81,input,0,470
75.73,75.73,input,0,471
75.64,75.64,input,0,472
75.54,75.54,input,0,473
75.44,75.44,input,0,474
75.34,75.34,input,0,475
75.56,75.56,input,0,476
75.75,75.75,input,0,477
75.81,75.81,input,0,478
75.82,75.82,input,0,479
75.8,75.8,input,0,480
75.86,75.86,input,0,481
76.01,76.01,input,0,482
76.1,76.1,input,0,483
76.18,76.18,input,0,484
76.4,76.4,input,0,485
76.52,76.52,input,0,486
76.58,76.58,input,0,487
76.59,76.59,input,0,488
76.57,76.57,input,0,489
76.65,76.65,input,0,490
76.69,76.69,input,0,491
76.71,76.71,input,0,492
76.67,76.67,input,0,493
76.54,76.54,input,0,494
76.39,76.39,input,0,495
76.27,76.27,input,0,496
76.14,76.14,input,0,497
75.98,75.98,input,0,498
75.8,75.8,input,0,499
75.6,75.6,input,0,500
75.39,75.39,input,0,501
75.17,75.17,input,0,502
74.94,74.94,input,0,503
74.71,74.71,input,0,504
74.46,74.46,input,0,505
74.2,74.2,input,0,506
73.93,73.93,input,0,507
73.66,73.66,input,0,508
73.39,73.39,input,0,509
73.18,73.18,input,0,510
72.95,72.95,input,0,511
72.77,72.77,input,0,512
72.61,72.61,input,0,513
72.44,72.44,input,0,514
72.26,72.26,input,0,515
72.07,72.07,input,0,516
71.88,71.88,input,0,517
71.69,71.69,input,0,518
71.53,71.53,input,0,519
71.36,71.36,input,0,520
71.19,71.19,input,0,521
71.02,71.02,input,0,522
70.84,70.84,input,0,523
70.66,70.66,input,0,524
70.48,70.48,input,0,525
70.31,70.31,input,0,526
70.14,70.14,input,0,527
69.97,69.97,input,0,528
69.79,69.79,input,0,529
69.61,69.61,input,0,530
69.43,69.43,input,0,531
69.25,69.25,input,0,532
69.07,69.07,input,0,533
68.89,68.89,input,0,534
68.72,68.72,input,0,535
68.55,68.55,input,0,536
68.37,68.37,input,0,537
68.17,68.17,input,0,538
67.97,67.97,input,0,539
67.78,67.78,input,0,540
67.59,67.59,input,0,541
67.4,67.4,input,0,542
67.21,67.21,input,0,543
67.05,67.05,input,0,544
66.9,66.9,input,0,545
66.78,66.78,input,0,546
66.66,66.66,input,0,547
66.5,66.5,input,0,548
66.43,66.43,input,0,549
66.29,66.29,input,0,550
66.12,66.12,input,0,551
65.93,65.93,input,0,552
65.74,65.74,input,0,553
65.63,65.63,input,0,554
65.51,65.51,input,0,555
65.34,65.34,input,0,556
65.16,65.16,input,0,557
64.97,64.97,input,0,558
64.86,64.86,input,0,559
64.75,64.75,input,0,560
64.58,64.58,input,0,561
64.4,64.4,input,0,562
64.21,64.21,input,0,563
64.0,64.0,input,0,564
63.79,63.79,input,0,565
63.59,63.59,input,0,566
63.45,63.45,input,0,567
63.34,63.34,input,0,568
63.26,63.26,input,0,569
63.26,63.26,input,0,570
63.18,63.18,input,0,571
63.08,63.08,input,0,572
62.96,62.96,input,0,573
62.85,62.85,input,0,574
62.73,62.73,input,0,575
62.59,62.59,input,0,576
62.45,62.45,input,0,577
62.31,62.31,input,0,578
62.16,62.16,input,0,579
62.02,62.02,input,0,580
62.0,62.0,input,0,581
62.0,62.0,input,0,582
62.0,62.0,input,0,583
62.01,62.01,input,0,584
62.01,62.01,input,0,585
62.01,62.01,input,0,586
62.0,62.0,input,0,587
62.0,62.0,input,0,588
62.0,62.0,input,0,589
62.0,62.0,input,0,590
62.02,62.02,input,0,591
62.01,62.01,input,0,592
62.0,62.0,input,0,593
62.0,62.0,input,0,594
62.0,62.0,input,0,595
62.0,62.0,input,0,596
62.01,62.01,input,0,597
62.02,62.02,input,0,598
62.01,62.01,input,0,599
62.01,62.01,input,0,600
62.0,62.0,input,0,601
61.99,61.99,input,0,602
61.99,61.99,input,0,603
61.99,61.99,input,0,604
62.0,62.0,input,0,605
62.03,62.03,input,0,606
62.03,62.03,input,0,607
62.02,62.02,input,0,608
62.01,62.01,input,0,609
62.0,62.0,input,0,610
62.0,62.0,input,0,611
62.06,62.06,input,0,612
62.28,62.28,input,0,613
62.25,62.25,input,0,614
62.04,62.04,input,0,615
61.99,61.99,input,0,616
62.01,62.01,input,0,617
62.0,62.0,input,0,618
62.03,62.03,input,0,619
62.04,62.04,input,0,620
62.03,62.03,input,0,621
62.03,62.03,input,0,622
62.02,62.02,input,0,623
62.01,62.01,input,0,624
62.02,62.02,input,0,625
62.02,62.02,input,0,626
62.03,62.03,input,0,627
62.03,62.03,input,0,628
62.03,62.03,input,0,629
62.02,62.02,input,0,630
62.03,62.03,input,0,631
62.04,62.04,input,0,632
62.04,62.04,input,0,633
62.03,62.03,input,0,634
62.04,62.04,input,0,635
62.04,62.04,input,0,636
62.03,62.03,input,0,637
62.04,62.04,input,0,638
62.03,62.03,input,0,639
62.03,62.03,input,0,640
62.03,62.03,input,0,641
62.04,62.04,input,0,642
62.04,62.04,input,0,643
62.04,62.04,input,0,644
62.05,62.05,input,0,645
62.06,62.06,input,0,646
62.05,62.05,input,0,647
62.04,62.04,input,0,648
62.03,62.03,input,0,649
62.03,62.03,input,0,650
62.06,62.06,input,0,651
62.07,62.07,input,0,652
62.07,62.07,input,0,653
62.06,62.06,input,0,654
62.07,62.07,input,0,655
62.06,62.06,input,0,656
62.07,62.07,input,0,657
62.07,62.07,input,0,658
62.04,62.04,input,0,659
62.04,62.04,input,0,660
62.06,62.06,input,0,661
62.06,62.06,input,0,662
62.06,62.06,input,0,663
62.07,62.07,input,0,664
62.07,62.07,input,0,665
62.06,62.06,input,0,666
62.08,62.08,input,0,667
62.08,62.08,input,0,668
62.07,62.07,input,0,669
62.05,62.05,input,0,670
62.07,62.07,input,0,671
62.09,62.09,input,0,672
62.08,62.08,input,0,673
62.08,62.08,input,0,674
62.06,62.06,input,0,675
62.07,62.07,input,0,676
62.09,62.09,input,0,677
62.1,62.1,input,0,678
62.1,62.1,input,0,679
62.1,62.1,input,0,680
62.09,62.09,input,0,681
62.09,62.09,input,0,682
62.09,62.09,input,0,683
62.08,62.08,input,0,684
62.09,62.09,input,0,685
62.08,62.08,input,0,686
62.07,62.07,input,0,687
62.05,62.05,input,0,688
62.08,62.08,input,0,689
62.09,62.09,input,0,690
62.1,62.1,input,0,691
62.1,62.1,input,0,692
62.1,62.1,input,0,693
62.1,62.1,input,0,694
62.1,62.1,input,0,695
62.1,62.1,input,0,696
62.1,62.1,input,0,697
62.11,62.11,input,0,698
62.11,62.11,input,0,699
62.12,62.12,input,0,700
62.11,62.11,input,0,701
62.12,62.12,input,0,702
62.11,62.11,input,0,703
62.11,62.11,input,0,704
62.11,62.11,input,0,705
62.12,62.12,input,0,706
62.11,62.11,input,0,707
62.11,62.11,input,0,708
62.11,62.11,input,0,709
62.11,62.11,input,0,710
62.13,62.13,input,0,711
62.14,62.14,input,0,712
62.15,62.15,input,0,713
62.15,62.15,input,0,714
62.15,62.15,input,0,715
62.16,62.16,input,0,716
62.15,62.15,input,0,717
62.16,62.16,input,0,718
62.17,62.17,input,0,719
62.14,62.14,input,0,720
62.13,62.13,input,0,721
62.12,62.12,input,0,722
62.11,62.11,input,0,723
62.14,62.14,input,0,724
62.15,62.15,input,0,725
62.13,62.13,input,0,726
62.15,62.15,input,0,727
62.14,62.14,input,0,728
62.2,62.2,input,0,729
62.19,62.19,input,0,730
62.2,62.2,input,0,731
62.18,62.18,input,0,732
62.17,62.17,input,0,733
62.18,62.18,input,0,734
62.18,62.18,input,0,735
62.15,62.15,input,0,736
62.15,62.15,input,0,737
62.19,62.19,input,0,738
62.19,62.19,input,0,739
62.19,62.19,input,0,740
62.16,62.16,input,0,741
62.14,62.14,input,0,742
62.13,62.13,input,0,743
62.15,62.15,input,0,744
62.12,62.12,input,0,745
62.12,62.12,input,0,746
62.15,62.15,input,0,747
62.14,62.14,input,0,748
62.15,62.15,input,0,749
62.14,62.14,input,0,750
62.13,62.13,input,0,751
62.14,62.14,input,0,752
62.15,62.15,input,0,753
62.14,62.14,input,0,754
62.14,62.14,input,0,755
62.12,62.12,input,0,756
62.12,62.12,input,0,757
62.12,62.12,input,0,758
62.12,62.12,input,0,759
62.14,62.14,input,0,760
62.15,62.15,input,0,761
62.12,62.12,input,0,762
62.14,62.14,input,0,763
62.16,62.16,input,0,764
62.16,62.16,input,0,765
62.14,62.14,input,0,766
62.13,62.13,input,0,767
62.14,62.14,input,0,768
62.15,62.15,input,0,769
62.14,62.14,input,0,770
62.13,62.13,input,0,771
62.13,62.13,input,0,772
62.12,62.12,input,0,773
62.11,62.11,input,0,774
62.11,62.11,input,0,775
62.11,62.11,input,0,776
62.11,62.11,input,0,777
62.11,62.11,input,0,778
62.11,62.11,input,0,779
62.11,62.11,input,0,780
62.16,62.16,input,0,781
62.26,62.26,input,0,782
62.36,62.36,input,0,783
62.43,62.43,input,0,784
62.47,62.47,input,0,785
62.56,62.56,input,0,786
62.63,62.63,input,0,787
62.69,62.69,input,0,788
62.78,62.78,input,0,789
62.89,62.89,input,0,790
62.98,62.98,input,0,791
63.06,63.06,input,0,792
63.16,63.16,input,0,793
63.43,63.43,input,0,794
63.71,63.71,input,0,795
63.89,63.89,input,0,796
64.03,64.03,input,0,797
64.2,64.2,input,0,798
64.35,64.35,input,0,799
64.54,64.54,input,0,800
64.85,64.85,input,0,801
65.22,65.22,input,0,802
65.77,65.77,input,0,803
66.39,66.39,input,0,804
66.92,66.92,input,0,805
67.4,67.4,input,0,806
67.77,67.77,input,0,807
68.1,68.1,input,0,808
68.44,68.44,input,0,809
69.02,69.02,input,0,810
69.64,69.64,input,0,811
70.15,70.15,input,0,812
70.83,70.83,input,0,813
71.61,71.61,input,0,814
72.32,72.32,input,0,815
72.78,72.78,input,0,816
73.4,73.4,input,0,817
74.26,74.26,input,0,818
74.71,74.71,input,0,819
74.91,74.91,input,0,820
74.96,74.96,input,0,821
74.94,74.94,input,0,822
74.93,74.93,input,0,823
74.97,74.97,input,0,824
74.94,74.94,input,0,825
74.87,74.87,input,0,826
74.81,74.81,input,0,827
74.77,74.77,input,0,828
74.73,74.73,input,0,829
74.67,74.67,input,0,830
74.61,74.61,input,0,831
74.59,74.59,input,0,832
74.74,74.74,input,0,833
74.81,74.81,input,0,834
74.79,74.79,input,0,835
74.81,74.81,input,0,836
76.59,76.59,input,0,837
78.27,78.27,input,0,838
78.86,78.86,input,0,839
79.07,79.07,input,0,840
79.09,79.09,input,0,841
79.02,79.02,input,0,842
78.92,78.92,input,0,843
78.79,78.79,input,0,844
78.63,78.63,input,0,845
78.51,78.51,input,0,846
78.42,78.42,input,0,847
78.31,78.31,input,0,848
78.32,78.32,input,0,849
78.38,78.38,input,0,850
78.36,78.36,input,0,851
78.33,78.33,input,0,852
78.29,78.29,input,0,853
78.22,78.22,input,0,854
78.15,78.15,input,0,855
78.07,78.07,input,0,856
77.97,77.97,input,0,857
77.88,77.88,input,0,858
77.79,77.79,input,0,859
77.69,77.69,input,0,860
77.58,77.58,input,0,861
77.46,77.46,input,0,862
77.33,77.33,input,0,863
77.2,77.2,input,0,864
77.07,77.07,input,0,865
77.3,77.3,input,0,866
77.65,77.65,input,0,867
77.76,77.76,input,0,868
77.79,77.79,input,0,869
77.77,77.77,input,0,870
77.69,77.69,input,0,871
77.57,77.57,input,0,872
77.44,77.44,input,0,873
77.31,77.31,input,0,874
77.18,77.18,input,0,875
77.03,77.03,input,0,876
76.87,76.87,input,0,877
76.74,76.74,input,0,878
76.8,76.8,input,0,879
76.87,76.87,input,0,880
76.84,76.84,input,0,881
76.75,76.75,input,0,882
76.59,76.59,input,0,883
76.85,76.85,input,0,884
78.63,78.63,input,0,885
79.14,79.14,input,0,886
79.25,79.25,input,0,887
79.21,79.21,input,0,888
79.11,79.11,input,0,889
78.97,78.97,input,0,890
78.8,78.8,input,0,891
78.61,78.61,input,0,892
78.42,78.42,input,0,893
78.2,78.2,input,0,894
77.99,77.99,input,0,895
77.77,77.77,input,0,896
77.54,77.54,input,0,897
77.31,77.31,input,0,898
77.06,77.06,input,0,899
76.92,76.92,input,0,900
76.75,76.75,input,0,901
76.52,76.52,input,0,902
76.27,76.27,input,0,903
76.02,76.02,input,0,904
75.78,75.78,input,0,905
75.52,75.52,input,0,906
75.25,75.25,input,0,907
74.98,74.98,input,0,908
74.7,74.7,input,0,909
74.41,74.41,input,0,910
74.12,74.12,input,0,911
73.83,73.83,input,0,912
73.54,73.54,input,0,913
73.24,73.24,input,0,914
72.97,72.97,input,0,915
72.82,72.82,input,0,916
72.67,72.67,input,0,917
72.51,72.51,input,0,918
72.34,72.34,input,0,919
72.15,72.15,input,0,920
71.96,71.96,input,0,921
71.76,71.76,input,0,922
71.56,71.56,input,0,923
71.36,71.36,input,0,924
71.15,71.15,input,0,925
70.96,70.96,input,0,926
70.77,70.77,input,0,927
70.58,70.58,input,0,928
70.39,70.39,input,0,929
70.19,70.19,input,0,930
69.98,69.98,input,0,931
69.78,69.78,input,0,932
69.57,69.57,input,0,933
69.36,69.36,input,0,934
69.15,69.15,input,0,935
68.94,68.94,input,0,936
68.71,68.71,input,0,937
68.5,68.5,input,0,938
68.3,68.3,input,0,939
68.11,68.11,input,0,940
67.92,67.92,input,0,941
67.72,67.72,input,0,942
67.52,67.52,input,0,943
67.32,67.32,input,0,944
67.11,67.11,input,0,945
66.91,66.91,input,0,946
66.71,66.71,input,0,947
66.5,66.5,input,0,948
66.29,66.29,input,0,949
66.08,66.08,input,0,950
66.19,66.19,input,0,951
66.52,66.52,input,0,952
66.41,66.41,input,0,953
66.26,66.26,input,0,954
66.09,66.09,input,0,955
65.91,65.91,input,0,956
65.71,65.71,input,0,957
65.52,65.52,input,0,958
65.35,65.35,input,0,959
65.21,65.21,input,0,960
65.05,65.05,input,0,961
64.87,64.87,input,0,962
64.69,64.69,input,0,963
64.52,64.52,input,0,964
64.36,64.36,input,0,965
64.2,64.2,input,0,966
64.04,64.04,input,0,967
63.89,63.89,input,0,968
63.71,63.71,input,0,969
63.53,63.53,input,0,970
63.35,63.35,input,0,971
63.17,63.17,input,0,972
62.92,62.92,input,0,973
62.44,62.44,input,0,974
62.06,62.06,input,0,975
62.05,62.05,input,0,976
62.05,62.05,input,0,977
62.05,62.05,input,0,978
62.05,62.05,input,0,979
62.06,62.06,input,0,980
62.05,62.05,input,0,981
62.04,62.04,input,0,982
62.04,62.04,input,0,983
62.05,62.05,input,0,984
62.06,62.06,input,0,985
62.07,62.07,input,0,986
62.06,62.06,input,0,987
62.06,62.06,input,0,988
62.06,62.06,input,0,989
62.06,62.06,input,0,990
62.06,62.06,input,0,991
62.07,62.07,input,0,992
62.06,62.06,input,0,993
62.05,62.05,input,0,994
62.04,62.04,input,0,995
62.06,62.06,input,0,996
62.07,62.07,input,0,997
62.07,62.07,input,0,998
62.07,62.07,input,0,999
62.06,62.06,input,0,1000
62.05,62.05,input,0,1001
62.05,62.05,input,0,1002
62.05,62.05,input,0,1003
62.06,62.06,input,0,1004
62.06,62.06,input,0,1005
62.05,62.05,input,0,1006
62.06,62.06,input,0,1007
62.08,62.08,input,0,1008
62.08,62.08,input,0,1009
62.07,62.07,input,0,1010
62.08,62.08,input,0,1011
62.07,62.07,input,0,1012
62.06,62.06,input,0,1013
62.08,62.08,input,0,1014
62.08,62.08,input,0,1015
62.07,62.07,input,0,1016
62.07,62.07,input,0,1017
62.09,62.09,input,0,1018
62.1,62.1,input,0,1019
62.11,62.11,input,0,1020
62.1,62.1,input,0,1021
62.09,62.09,input,0,1022
62.1,62.1,input,0,1023
62.11,62.11,input,0,1024
62.1,62.1,input,0,1025
62.1,62.1,input,0,1026
62.1,62.1,input,0,1027
62.09,62.09,input,0,1028
62.09,62.09,input,0,1029
62.09,62.09,input,0,1030
62.09,62.09,input,0,1031
62.11,62.11,input,0,1032
62.1,62.1,input,0,1033
62.09,62.09,input,0,1034
62.09,62.09,input,0,1035
62.09,62.09,input,0,1036
62.1,62.1,input,0,1037
62.1,62.1,input,0,1038
62.1,62.1,input,0,1039
62.1,62.1,input,0,1040
62.1,62.1,input,0,1041
62.08,62.08,input,0,1042
63.62,63.62,input,0,1043
66.14,66.14,input,0,1044
67.21,67.21,input,0,1045
67.71,67.71,input,0,1046
67.95,67.95,input,0,1047
68.07,68.07,input,0,1048
68.08,68.08,input,0,1049
67.95,67.95,input,0,1050
67.78,67.78,input,0,1051
67.59,67.59,input,0,1052
67.39,67.39,input,0,1053
67.17,67.17,input,0,1054
66.97,66.97,input,0,1055
67.77,67.77,input,0,1056
68.15,68.15,input,0,1057
68.24,68.24,input,0,1058
68.2,68.2,input,0,1059
68.11,68.11,input,0,1060
67.96,67.96,input,0,1061
67.77,67.77,input,0,1062
67.57,67.57,input,0,1063
67.74,67.74,input,0,1064
68.45,68.45,input,0,1065
68.73,68.73,input,0,1066
69.05,69.05,input,0,1067
69.22,69.22,input,0,1068
69.27,69.27,input,0,1069
69.23,69.23,input,0,1070
69.13,69.13,input,0,1071
68.99,68.99,input,0,1072
68.81,68.81,input,0,1073
68.61,68.61,input,0,1074
68.39,68.39,input,0,1075
68.17,68.17,input,0,1076
67.93,67.93,input,0,1077
67.67,67.67,input,0,1078
67.39,67.39,input,0,1079
67.12,67.12,input,0,1080
66.83,66.83,input,0,1081
66.52,66.52,input,0,1082
66.2,66.2,input,0,1083
65.89,65.89,input,0,1084
65.57,65.57,input,0,1085
65.22,65.22,input,0,1086
64.86,64.86,input,0,1087
64.5,64.5,input,0,1088
64.11,64.11,input,0,1089
63.75,63.75,input,0,1090
63.43,63.43,input,0,1091
63.11,63.11,input,0,1092
62.77,62.77,input,0,1093
62.41,62.41,input,0,1094
61.06,61.06,input,0,1095
62.05,62.05,input,0,1096
61.35,61.35,input,0,1097
58.95,58.95,input,0,1098
59.65,59.65,input,0,1099
60.1,60.1,input,0,1100
60.91,60.91,input,0,1101
61.1,61.1,input,0,1102
64.49,64.49,input,0,1103
59.29,59.29,input,0,1104
64.64,64.64,input,0,1105
67.09,67.09,input,0,1106
64.14,64.14,input,0,1107
63.45,63.45,input,0,1108
62.86,62.86,input,0,1109
61.35,61.35,input,0,1110
62.33,62.33,input,0,1111
61.48,61.48,input,0,1112
61.29,61.29,input,0,1113
62.28,62.28,input,0,1114
61.53,61.53,input,0,1115
62.08,62.08,input,0,1116
62.56,62.56,input,0,1117
62.78,62.78,input,0,1118
62.32,62.32,input,0,1119
62.19,62.19,input,0,1120
62.79,62.79,input,0,1121
62.45,62.45,input,0,1122
62.41,62.41,input,0,1123
61.45,61.45,input,0,1124
61.32,61.32,input,0,1125
61.41,61.41,input,0,1126
62.63,62.63,input,0,1127
62.67,62.67,input,0,1128
62.26,62.26,input,0,1129
61.76,61.76,input,0,1130
62.3,62.3,input,0,1131
62.36,62.36,input,0,1132
61.95,61.95,input,0,1133
61.83,61.83,input,0,1134
61.72,61.72,input,0,1135
61.66,61.66,input,0,1136
61.99,61.99,input,0,1137
62.93,62.93,input,0,1138
62.85,62.85,input,0,1139
62.56,62.56,input,0,1140
62.49,62.49,input,0,1141
62.37,62.37,input,0,1142
62.51,62.51,input,0,1143
61.98,61.98,input,0,1144
62.3,62.3,input,0,1145
62.43,62.43,input,0,1146
62.21,62.21,input,0,1147
62.16,62.16,input,0,1148
62.16,62.16,input,0,1149
62.15,62.15,input,0,1150
62.14,62.14,input,0,1151
62.14,62.14,input,0,1152
62.14,62.14,input,0,1153
62.14,62.14,input,0,1154
62.14,62.14,input,0,1155
62.14,62.14,input,0,1156
62.14,62.14,input,0,1157
62.14,62.14,input,0,1158
62.14,62.14,input,0,1159
62.13,62.13,input,0,1160
62.13,62.13,input,0,1161
62.13,62.13,input,0,1162
62.13,62.13,input,0,1163
62.13,62.13,input,0,1164
62.13,62.13,input,0,1165
62.13,62.13,input,0,1166
62.13,62.13,input,0,1167
62.13,62.13,input,0,1168
62.13,62.13,input,0,1169
62.13,62.13,input,0,1170
62.19,62.19,input,0,1171
62.53,62.53,input,0,1172
62.83,62.83,input,0,1173
63.06,63.06,input,0,1174
63.25,63.25,input,0,1175
63.42,63.42,input,0,1176
63.65,63.65,input,0,1177
64.01,64.01,input,0,1178
64.55,64.55,input,0,1179
66.7,66.7,input,0,1180
68.59,68.59,input,0,1181
69.41,69.41,input,0,1182
70.07,70.07,input,0,1183
70.64,70.64,input,0,1184
71.15,71.15,input,0,1185
71.51,71.51,input,0,1186
71.8,71.8,input,0,1187
72.13,72.13,input,0,1188
72.53,72.53,input,0,1189
73.06,73.06,input,0,1190
73.53,73.53,input,0,1191
73.85,73.85,input,0,1192
74.13,74.13,input,0,1193
74.47,74.47,input,0,1194
74.9,74.9,input,0,1195
75.43,75.43,input,0,1196
75.93,75.93,input,0,1197
76.26,76.26,input,0,1198
76.48,76.48,input,0,1199
76.64,76.64,input,0,1200
76.77,76.77,input,0,1201
76.88,76.88,input,0,1202
77.0,77.0,input,0,1203
77.09,77.09,input,0,1204
77.16,77.16,input,0,1205
77.23,77.23,input,0,1206
77.3,77.3,input,0,1207
77.36,77.36,input,0,1208
77.39,77.39,input,0,1209
77.42,77.42,input,0,1210
77.44,77.44,input,0,1211
77.46,77.46,input,0,1212
77.47,77.47,input,0,1213
77.48,77.48,input,0,1214
77.49,77.49,input,0,1215
77.49,77.49,input,0,1216
77.4,77.4,input,0,1217
77.27,77.27,input,0,1218
77.14,77.14,input,0,1219
77.0,77.0,input,0,1220
76.85,76.85,input,0,1221
76.77,76.77,input,0,1222
76.65,76.65,input,0,1223
76.5,76.5,input,0,1224
76.34,76.34,input,0,1225
76.18,76.18,input,0,1226
76.02,76.02,input,0,1227
75.91,75.91,input,0,1228
75.8,75.8,input,0,1229
75.66,75.66,input,0,1230
75.51,75.51,input,0,1231
75.36,75.36,input,0,1232
75.2,75.2,input,0,1233
75.04,75.04,input,0,1234
74.88,74.88,input,0,1235
74.71,74.71,input,0,1236
74.55,74.55,input,0,1237
74.38,74.38,input,0,1238
74.23,74.23,input,0,1239
74.08,74.08,input,0,1240
74.0,74.0,input,0,1241
74.51,74.51,input,0,1242
74.73,74.73,input,0,1243
74.82,74.82,input,0,1244
74.85,74.85,input,0,1245
75.18,75.18,input,0,1246
75.54,75.54,input,0,1247
75.71,75.71,input,0,1248
75.78,75.78,input,0,1249
75.79,75.34188842773438,prediction,1,1250
75.76,75.26309967041016,prediction,1,1251
75.72,75.49475860595703,prediction,1,1252
75.66,75.73887634277344,prediction,1,1253
75.58,75.59888458251953,prediction,1,1254
75.5,75.63243103027344,prediction,1,1255
75.43,75.22522735595703,prediction,1,1256
75.37,75.46009063720703,prediction,1,1257
75.28,75.62186431884766,prediction,1,1258
75.18,75.23050689697266,prediction,1,1259
75.07,75.35824584960938,prediction,2,1260
75.0,75.29029083251953,prediction,2,1261
74.97,75.51405334472656,prediction,2,1262
74.89,75.75041961669922,prediction,2,1263
74.8,75.61835479736328,prediction,2,1264
74.74,75.64689636230469,prediction,2,1265
74.66,75.24967956542969,prediction,2,1266
74.57,75.47782135009766,prediction,2,1267
74.47,75.63936614990234,prediction,2,1268
74.69,75.25569152832031,prediction,2,1269
75.84,75.3626937866211,prediction,3,1270
76.31,75.29227447509766,prediction,3,1271
76.51,75.51842498779297,prediction,3,1272
76.64,75.75445556640625,prediction,3,1273
77.31,75.62151336669922,prediction,3,1274
78.35,75.65122985839844,prediction,3,1275
78.98,75.25424194335938,prediction,3,1276
79.3,75.48127746582031,prediction,3,1277
79.49,75.64269256591797,prediction,3,1278
79.59,75.2589111328125,prediction,3,1279
79.64,75.38020324707031,prediction,4,1280
79.65,75.32222747802734,prediction,4,1281
79.63,75.53855895996094,prediction,4,1282
79.59,75.76509857177734,prediction,4,1283
79.55,75.64151763916016,prediction,4,1284
79.49,75.66435241699219,prediction,4,1285
79.43,75.2828369140625,prediction,4,1286
79.36,75.49961853027344,prediction,4,1287
79.29,75.66167449951172,prediction,4,1288
79.22,75.28868103027344,prediction,4,1289
79.14,75.37210083007812,prediction,5,1290
79.05,75.30236053466797,prediction,5,1291
79.02,75.52708435058594,prediction,5,1292
79.17,75.76044464111328,prediction,5,1293
79.16,75.6296615600586,prediction,5,1294
79.36,75.65919494628906,prediction,5,1295
80.01,75.2657241821289,prediction,5,1296
80.28,75.49037170410156,prediction,5,1297
80.45,75.6509017944336,prediction,5,1298
80.56,75.27083587646484,prediction,5,1299
80.61,75.37355041503906,prediction,6,1300
80.61,75.30384826660156,prediction,6,1301
80.59,75.52787780761719,prediction,6,1302
80.55,75.76239776611328,prediction,6,1303
80.5,75.63053131103516,prediction,6,1304
80.43,75.65994262695312,prediction,6,1305
80.36,75.26731872558594,prediction,6,1306
80.3,75.49140167236328,prediction,6,1307
80.56,75.65174865722656,prediction,6,1308
80.71,75.27236938476562,prediction,6,1309
80.75,75.38713073730469,prediction,7,1310
80.76,75.33329772949219,prediction,7,1311
80.74,75.54476928710938,prediction,7,1312
80.71,75.76820373535156,prediction,7,1313
80.67,75.6481704711914,prediction,7,1314
81.43,75.6692123413086,prediction,7,1315
82.08,75.29612731933594,prediction,7,1316
82.42,75.5081787109375,prediction,7,1317
83.07,75.66831970214844,prediction,7,1318
83.66,75.30032348632812,prediction,7,1319
83.91,75.38086700439453,prediction,8,1320
84.03,75.31060028076172,prediction,8,1321
85.03,75.53378295898438,prediction,8,1322
85.73,75.76573944091797,prediction,8,1323
85.56,75.63655090332031,prediction,8,1324
85.49,75.66645812988281,prediction,8,1325
85.45,75.27909851074219,prediction,8,1326
85.43,75.49909210205078,prediction,8,1327
85.41,75.65843200683594,prediction,8,1328
85.4,75.28089141845703,prediction,8,1329
85.38,75.38394927978516,prediction,9,1330
85.36,75.31531524658203,prediction,9,1331
85.32,75.53819274902344,prediction,9,1332
85.29,75.7667465209961,prediction,9,1333
85.26,75.63866424560547,prediction,9,1334
85.21,75.66786193847656,prediction,9,1335
85.16,75.28173828125,prediction,9,1336
85.17,75.50145721435547,prediction,9,1337
85.4,75.66033172607422,prediction,9,1338
85.45,75.28614807128906,prediction,9,1339
85.43,75.38462829589844,prediction,10,1340
85.42,75.31694793701172,prediction,10,1341
85.41,75.53971099853516,prediction,10,1342
85.4,75.76830291748047,prediction,10,1343
85.39,75.64005279541016,prediction,10,1344
85.38,75.66898345947266,prediction,10,1345
85.37,75.28343200683594,prediction,10,1346
85.36,75.50247192382812,prediction,10,1347
85.35,75.66092681884766,prediction,10,1348
85.33,75.28750610351562,prediction,10,1349
85.32,75.38597106933594,prediction,11,1350
85.3,75.31792449951172,prediction,11,1351
85.28,75.54043579101562,prediction,11,1352
85.25,75.76837921142578,prediction,11,1353
85.23,75.6403579711914,prediction,11,1354
85.21,75.66921997070312,prediction,11,1355
85.21,75.28504943847656,prediction,11,1356
85.31,75.50349426269531,prediction,11,1357
85.36,75.66194915771484,prediction,11,1358
85.35,75.28884887695312,prediction,11,1359
85.44,75.38471984863281,prediction,12,1360
85.6,75.31713104248047,prediction,12,1361
85.56,75.53952026367188,prediction,12,1362
85.49,75.76834869384766,prediction,12,1363
85.45,75.64005279541016,prediction,12,1364
85.43,75.66873931884766,prediction,12,1365
85.41,75.28340148925781,prediction,12,1366
85.4,75.50273132324219,prediction,12,1367
85.39,75.66143035888672,prediction,12,1368
85.39,75.28789520263672,prediction,12,1369
85.38,75.38658142089844,prediction,13,1370
85.42,75.32079315185547,prediction,13,1371
85.46,75.54281616210938,prediction,13,1372
85.43,75.77032470703125,prediction,13,1373
85.41,75.64252471923828,prediction,13,1374
85.4,75.67019653320312,prediction,13,1375
85.39,75.28596496582031,prediction,13,1376
85.41,75.50314331054688,prediction,13,1377
85.49,75.66297149658203,prediction,13,1378
85.47,75.29145812988281,prediction,13,1379
85.45,75.388427734375,prediction,14,1380
85.43,75.32454681396484,prediction,14,1381
85.42,75.5447998046875,prediction,14,1382
85.41,75.77177429199219,prediction,14,1383
85.41,75.6446304321289,prediction,14,1384
85.4,75.6715087890625,prediction,14,1385
85.39,75.29055786132812,prediction,14,1386
85.38,75.50565338134766,prediction,14,1387
85.38,75.66548156738281,prediction,14,1388
85.37,75.29515075683594,prediction,14,1389
85.37,75.37364196777344,prediction,15,1390
85.36,75.2951431274414,prediction,15,1391
85.36,75.52362823486328,prediction,15,1392
85.35,75.76367950439453,prediction,15,1393
85.33,75.62633514404297,prediction,15,1394
85.32,75.65965270996094,prediction,15,1395
85.32,75.26473999023438,prediction,15,1396
85.3,75.4904556274414,prediction,15,1397
85.29,75.65019989013672,prediction,15,1398
85.27,75.26780700683594,prediction,15,1399
85.25,75.27392578125,prediction,16,1400
85.24,75.1558609008789,prediction,16,1401
85.22,75.39962768554688,prediction,16,1402
85.2,75.68999481201172,prediction,16,1403
85.17,75.49510192871094,prediction,16,1404
85.15,75.56809997558594,prediction,16,1405
85.12,75.13621520996094,prediction,16,1406
85.1,75.40790557861328,prediction,16,1407
85.07,75.55470275878906,prediction,16,1408
85.04,75.14085388183594,prediction,16,1409
85.0,75.2876968383789,prediction,17,1410
84.99,75.16967010498047,prediction,17,1411
85.07,75.41218566894531,prediction,17,1412
85.09,75.69986724853516,prediction,17,1413
85.09,75.5076904296875,prediction,17,1414
85.08,75.58057403564453,prediction,17,1415
85.08,75.15325927734375,prediction,17,1416
85.11,75.42185974121094,prediction,17,1417
85.14,75.56815338134766,prediction,17,1418
85.19,75.15618896484375,prediction,17,1419
85.35,75.2918930053711,prediction,18,1420
85.46,75.17391967773438,prediction,18,1421
85.46,75.41549682617188,prediction,18,1422
85.45,75.70280456542969,prediction,18,1423
85.44,75.51083374023438,prediction,18,1424
85.43,75.58370971679688,prediction,18,1425
85.42,75.15740966796875,prediction,18,1426
85.43,75.42576599121094,prediction,18,1427
85.5,75.57122039794922,prediction,18,1428
85.48,75.16050720214844,prediction,18,1429
85.46,75.29750061035156,prediction,19,1430
85.45,75.17963409423828,prediction,19,1431
85.45,75.42042541503906,prediction,19,1432
85.43,75.70680236816406,prediction,19,1433
85.42,75.51528930664062,prediction,19,1434
85.42,75.58839416503906,prediction,19,1435
85.42,75.1637191772461,prediction,19,1436
85.42,75.43135070800781,prediction,19,1437
85.41,75.57587432861328,prediction,19,1438
85.41,75.16630554199219,prediction,19,1439
85.4,75.30262756347656,prediction,20,1440
85.41,75.1849594116211,prediction,20,1441
85.44,75.4247055053711,prediction,20,1442
85.43,75.71045684814453,prediction,20,1443
85.42,75.5192642211914,prediction,20,1444
85.41,75.59260559082031,prediction,20,1445
85.42,75.16979217529297,prediction,20,1446
85.4,75.43647766113281,prediction,20,1447
85.39,75.58014678955078,prediction,20,1448
85.39,75.17149353027344,prediction,20,1449
85.37,75.30715942382812,prediction,21,1450
85.33,75.19029998779297,prediction,21,1451
85.27,75.42969512939453,prediction,21,1452
85.2,75.7144775390625,prediction,21,1453
85.12,75.52408599853516,prediction,21,1454
85.01,75.59695434570312,prediction,21,1455
84.91,75.17489624023438,prediction,21,1456
84.85,75.44047546386719,prediction,21,1457
84.8,75.5841293334961,prediction,21,1458
84.74,75.17692565917969,prediction,21,1459
84.68,75.31024932861328,prediction,22,1460
84.62,75.19351959228516,prediction,22,1461
84.56,75.43170166015625,prediction,22,1462
84.49,75.71634674072266,prediction,22,1463
84.44,75.52560424804688,prediction,22,1464
84.41,75.59930419921875,prediction,22,1465
84.4,75.17800903320312,prediction,22,1466
84.39,75.44325256347656,prediction,22,1467
84.38,75.58633422851562,prediction,22,1468
84.37,75.1795883178711,prediction,22,1469
84.36,75.31334686279297,prediction,23,1470
84.35,75.19725799560547,prediction,23,1471
84.34,75.43499755859375,prediction,23,1472
84.34,75.71941375732422,prediction,23,1473
84.34,75.52857208251953,prediction,23,1474
84.34,75.6025161743164,prediction,23,1475
84.34,75.18191528320312,prediction,23,1476
84.34,75.44682312011719,prediction,23,1477
84.33,75.58914947509766,prediction,23,1478
84.34,75.18324279785156,prediction,23,1479
84.34,75.33064270019531,prediction,24,1480
84.33,75.21372985839844,prediction,24,1481
84.33,75.44879150390625,prediction,24,1482
84.33,75.72835540771484,prediction,24,1483
84.32,75.54309844970703,prediction,24,1484
84.32,75.61790466308594,prediction,24,1485
84.31,75.20695495605469,prediction,24,1486
84.31,75.46492767333984,prediction,24,1487
84.3,75.6076431274414,prediction,24,1488
84.29,75.20217895507812,prediction,24,1489
84.28,75.35186004638672,prediction,25,1490
84.28,75.23336791992188,prediction,25,1491
84.29,75.46415710449219,prediction,25,1492
84.28,75.73656463623047,prediction,25,1493
84.27,75.5602035522461,prediction,25,1494
84.26,75.63700866699219,prediction,25,1495
84.26,75.24166107177734,prediction,25,1496
84.25,75.48843383789062,prediction,25,1497
84.24,75.63150024414062,prediction,25,1498
84.24,75.2254638671875,prediction,25,1499
84.23,75.35204315185547,prediction,26,1500
84.22,75.23355865478516,prediction,26,1501
84.22,75.46389770507812,prediction,26,1502
84.21,75.73616790771484,prediction,26,1503
84.21,75.55977630615234,prediction,26,1504
84.2,75.63652801513672,prediction,26,1505
84.19,75.24163818359375,prediction,26,1506
84.18,75.48796844482422,prediction,26,1507
84.17,75.63130187988281,prediction,26,1508
84.17,75.22565460205078,prediction,26,1509
84.17,75.3524169921875,prediction,27,1510
84.16,75.23334503173828,prediction,27,1511
84.16,75.46366882324219,prediction,27,1512
84.15,75.7355728149414,prediction,27,1513
84.15,75.55977630615234,prediction,27,1514
84.14,75.63724517822266,prediction,27,1515
84.14,75.24231719970703,prediction,27,1516
84.13,75.48917388916016,prediction,27,1517
84.13,75.63163757324219,prediction,27,1518
84.13,75.22569274902344,prediction,27,1519
84.16,75.35185241699219,prediction,28,1520
84.19,75.23295593261719,prediction,28,1521
84.21,75.46351623535156,prediction,28,1522
84.22,75.73567962646484,prediction,28,1523
84.24,75.5595932006836,prediction,28,1524
84.27,75.63703918457031,prediction,28,1525
84.33,75.2420654296875,prediction,28,1526
84.42,75.48815155029297,prediction,28,1527
84.58,75.63170623779297,prediction,28,1528
84.96,75.22525787353516,prediction,28,1529
85.21,75.35152435302734,prediction,29,1530
85.48,75.23233795166016,prediction,29,1531
85.72,75.46279907226562,prediction,29,1532
85.65,75.73512268066406,prediction,29,1533
85.57,75.55916595458984,prediction,29,1534
85.54,75.63662719726562,prediction,29,1535
85.52,75.24171447753906,prediction,29,1536
85.51,75.4878921508789,prediction,29,1537
85.51,75.63123321533203,prediction,29,1538
85.52,75.22469329833984,prediction,29,1539
85.52,75.35115051269531,prediction,30,1540
85.55,75.23223114013672,prediction,30,1541
85.61,75.46324157714844,prediction,30,1542
85.58,75.73553466796875,prediction,30,1543
85.55,75.55928039550781,prediction,30,1544
85.58,75.63661193847656,prediction,30,1545
85.56,75.24110412597656,prediction,30,1546
85.54,75.48756408691406,prediction,30,1547
85.52,75.63124084472656,prediction,30,1548
85.51,75.22445678710938,prediction,30,1549
85.48,75.35325622558594,prediction,31,1550
85.46,75.2343521118164,prediction,31,1551
85.45,75.46467590332031,prediction,31,1552
85.45,75.73566436767578,prediction,31,1553
85.44,75.5601577758789,prediction,31,1554
85.44,75.63776397705078,prediction,31,1555
85.47,75.24366760253906,prediction,31,1556
85.5,75.48933410644531,prediction,31,1557
85.49,75.63324737548828,prediction,31,1558
85.47,75.2269287109375,prediction,31,1559
85.46,75.35319519042969,prediction,32,1560
85.49,75.23423767089844,prediction,32,1561
85.49,75.46455383300781,prediction,32,1562
85.47,75.73556518554688,prediction,32,1563
85.47,75.56005096435547,prediction,32,1564
85.52,75.6376953125,prediction,32,1565
85.54,75.24356079101562,prediction,32,1566
85.52,75.4892807006836,prediction,32,1567
85.48,75.63314056396484,prediction,32,1568
85.46,75.22682189941406,prediction,32,1569
85.45,75.35321044921875,prediction,33,1570
85.42,75.23424530029297,prediction,33,1571
85.38,75.46455383300781,prediction,33,1572
85.34,75.73555755615234,prediction,33,1573
85.28,75.56005859375,prediction,33,1574
85.3,75.63770294189453,prediction,33,1575
85.49,75.24356079101562,prediction,33,1576
85.45,75.48929595947266,prediction,33,1577
85.39,75.63314056396484,prediction,33,1578
85.34,75.22682189941406,prediction,33,1579
85.27,75.35319519042969,prediction,34,1580
85.15,75.23422241210938,prediction,34,1581
84.96,75.46452331542969,prediction,34,1582
84.73,75.73552703857422,prediction,34,1583
84.49,75.56002044677734,prediction,34,1584
84.27,75.63768768310547,prediction,34,1585
84.03,75.24354553222656,prediction,34,1586
83.79,75.48928833007812,prediction,34,1587
83.58,75.63311767578125,prediction,34,1588
83.38,75.226806640625,prediction,34,1589
83.18,75.3531723022461,prediction,35,1590
82.92,75.23417663574219,prediction,35,1591
82.61,75.4644775390625,prediction,35,1592
82.3,75.73546600341797,prediction,35,1593
82.01,75.55996704101562,prediction,35,1594
81.74,75.63764953613281,prediction,35,1595
81.42,75.2435073852539,prediction,35,1596
81.1,75.48928833007812,prediction,35,1597
80.77,75.63307189941406,prediction,35,1598
80.45,75.22676086425781,prediction,35,1599
80.13,75.3531494140625,prediction,36,1600
79.81,75.234130859375,prediction,36,1601
79.49,75.46443939208984,prediction,36,1602
79.19,75.73542022705078,prediction,36,1603
78.9,75.55992126464844,prediction,36,1604
78.61,75.63761901855469,prediction,36,1605
78.37,75.24346923828125,prediction,36,1606
78.14,75.4892807006836,prediction,36,1607
77.92,75.6330337524414,prediction,36,1608
77.77,75.22671508789062,prediction,36,1609
78.02,75.3531265258789,prediction,37,1610
78.23,75.2341079711914,prediction,37,1611
78.4,75.46441650390625,prediction,37,1612
78.65,75.73540496826172,prediction,37,1613
78.87,75.55989837646484,prediction,37,1614
79.1,75.6375961303711,prediction,37,1615
79.25,75.24343872070312,prediction,37,1616
79.39,75.48926544189453,prediction,37,1617
79.49,75.63300323486328,prediction,37,1618
79.52,75.22669219970703,prediction,37,1619
79.51,75.35305786132812,prediction,38,1620
79.48,75.23400115966797,prediction,38,1621
79.48,75.46429443359375,prediction,38,1622
79.42,75.7353286743164,prediction,38,1623
79.29,75.55982208251953,prediction,38,1624
79.17,75.63751983642578,prediction,38,1625
78.96,75.24334716796875,prediction,38,1626
78.72,75.48922729492188,prediction,38,1627
78.47,75.63288116455078,prediction,38,1628
78.22,75.22659301757812,prediction,38,1629
77.97,75.35302734375,prediction,39,1630
77.71,75.23392486572266,prediction,39,1631
77.45,75.46420288085938,prediction,39,1632
77.19,75.7352523803711,prediction,39,1633
76.92,75.55974578857422,prediction,39,1634
76.65,75.63748931884766,prediction,39,1635
76.36,75.2432861328125,prediction,39,1636
76.09,75.48919677734375,prediction,39,1637
75.81,75.63280487060547,prediction,39,1638
75.54,75.22650146484375,prediction,39,1639
75.76,75.35279846191406,prediction,40,1640
75.74,75.23350524902344,prediction,40,1641
75.59,75.46371459960938,prediction,40,1642
75.4,75.73485565185547,prediction,40,1643
75.18,75.5593490600586,prediction,40,1644
74.98,75.63725280761719,prediction,40,1645
74.78,75.2428970336914,prediction,40,1646
74.56,75.48900604248047,prediction,40,1647
74.32,75.63227081298828,prediction,40,1648
74.08,75.22602844238281,prediction,40,1649
73.84,75.35279083251953,prediction,41,1650
73.6,75.2335205078125,prediction,41,1651
73.38,75.4637451171875,prediction,41,1652
73.15,75.73487854003906,prediction,41,1653
72.99,75.55937194824219,prediction,41,1654
73.19,75.63725280761719,prediction,41,1655
73.15,75.2428970336914,prediction,41,1656
73.03,75.48899841308594,prediction,41,1657
72.86,75.63228607177734,prediction,41,1658
72.66,75.22604370117188,prediction,41,1659
72.45,75.35273742675781,prediction,42,1660
72.22,75.23346710205078,prediction,42,1661
71.99,75.46371459960938,prediction,42,1662
71.75,75.73484802246094,prediction,42,1663
71.48,75.55933380126953,prediction,42,1664
71.2,75.63719940185547,prediction,42,1665
70.92,75.24281311035156,prediction,42,1666
70.63,75.48892974853516,prediction,42,1667
70.31,75.63224792480469,prediction,42,1668
70.0,75.22599792480469,prediction,42,1669
69.69,75.35271453857422,prediction,43,1670
69.4,75.23345184326172,prediction,43,1671
69.08,75.46370697021484,prediction,43,1672
68.76,75.7348403930664,prediction,43,1673
68.44,75.55931091308594,prediction,43,1674
68.13,75.63717651367188,prediction,43,1675
67.81,75.24279022216797,prediction,43,1676
67.48,75.48890686035156,prediction,43,1677
67.17,75.63224029541016,prediction,43,1678
66.9,75.22598266601562,prediction,43,1679
66.59,75.35270690917969,prediction,44,1680
66.25,75.23345184326172,prediction,44,1681
65.88,75.46369934082031,prediction,44,1682
65.51,75.7348403930664,prediction,44,1683
65.2,75.55931091308594,prediction,44,1684
64.92,75.63717651367188,prediction,44,1685
64.88,75.24279022216797,prediction,44,1686
64.91,75.48889923095703,prediction,44,1687
64.93,75.63224792480469,prediction,44,1688
64.94,75.2259750366211,prediction,44,1689
64.96,75.35269165039062,prediction,45,1690
65.01,75.23343658447266,prediction,45,1691
65.03,75.46369934082031,prediction,45,1692
65.04,75.7348403930664,prediction,45,1693
65.04,75.55931091308594,prediction,45,1694
65.04,75.63716888427734,prediction,45,1695
65.04,75.24278259277344,prediction,45,1696
65.04,75.48888397216797,prediction,45,1697
65.16,75.63224792480469,prediction,45,1698
65.18,75.22596740722656,prediction,45,1699
65.19,75.35269165039062,prediction,46,1700
65.2,75.23343658447266,prediction,46,1701
65.23,75.46370697021484,prediction,46,1702
65.38,75.7348403930664,prediction,46,1703
65.45,75.55931091308594,prediction,46,1704
65.47,75.63716888427734,prediction,46,1705
66.33,75.2427749633789,prediction,46,1706
67.75,75.48888397216797,prediction,46,1707
68.16,75.63226318359375,prediction,46,1708
68.33,75.22596740722656,prediction,46,1709
68.44,75.35273742675781,prediction,47,1710
68.54,75.2334976196289,prediction,47,1711
68.61,75.4637680053711,prediction,47,1712
68.77,75.7348861694336,prediction,47,1713
69.19,75.55935668945312,prediction,47,1714
69.51,75.63720703125,prediction,47,1715
70.1,75.24283599853516,prediction,47,1716
70.44,75.48892211914062,prediction,47,1717
70.64,75.63231658935547,prediction,47,1718
70.79,75.22603607177734,prediction,47,1719
70.9,75.35279846191406,prediction,48,1720
71.0,75.23358917236328,prediction,48,1721
71.07,75.46385192871094,prediction,48,1722
71.13,75.7349624633789,prediction,48,1723
71.18,75.55944061279297,prediction,48,1724
71.22,75.63726806640625,prediction,48,1725
71.25,75.24292755126953,prediction,48,1726
71.28,75.48898315429688,prediction,48,1727
71.31,75.63241577148438,prediction,48,1728
71.34,75.22612762451172,prediction,48,1729
71.4,75.35285949707031,prediction,49,1730
71.43,75.23368835449219,prediction,49,1731
71.46,75.46395874023438,prediction,49,1732
71.49,75.73503875732422,prediction,49,1733
71.48,75.55953216552734,prediction,49,1734
71.46,75.63734436035156,prediction,49,1735
71.46,75.24303436279297,prediction,49,1736
71.49,75.48904418945312,prediction,49,1737
71.56,75.63253021240234,prediction,49,1738
71.57,75.22623443603516,prediction,49,1739
71.57,75.35289001464844,prediction,50,1740
71.58,75.23372650146484,prediction,50,1741
71.65,75.4639892578125,prediction,50,1742
71.72,75.73506164550781,prediction,50,1743
71.78,75.55956268310547,prediction,50,1744
71.87,75.63736724853516,prediction,50,1745
71.94,75.24307250976562,prediction,50,1746
72.02,75.48907470703125,prediction,50,1747
72.09,75.63256072998047,prediction,50,1748
72.15,75.22628021240234,prediction,50,1749
72.18,75.35293579101562,prediction,51,1750
72.23,75.2337646484375,prediction,51,1751
72.39,75.46401977539062,prediction,51,1752
72.51,75.7350845336914,prediction,51,1753
72.61,75.5595932006836,prediction,51,1754
72.67,75.63739776611328,prediction,51,1755
72.71,75.24311828613281,prediction,51,1756
72.75,75.4891128540039,prediction,51,1757
72.78,75.63259887695312,prediction,51,1758
72.85,75.226318359375,prediction,51,1759
72.98,75.35295104980469,prediction,52,1760
73.06,75.2337875366211,prediction,52,1761
73.13,75.46403503417969,prediction,52,1762
73.18,75.73509979248047,prediction,52,1763
73.3,75.55960845947266,prediction,52,1764
73.41,75.63742065429688,prediction,52,1765
73.51,75.24314880371094,prediction,52,1766
73.59,75.4891357421875,prediction,52,1767
73.66,75.63261413574219,prediction,52,1768
74.05,75.2263412475586,prediction,52,1769
74.46,75.35297393798828,prediction,53,1770
74.71,75.23381805419922,prediction,53,1771
74.92,75.46406555175781,prediction,53,1772
75.2,75.73511505126953,prediction,53,1773
75.41,75.55962371826172,prediction,53,1774
75.6,75.6374282836914,prediction,53,1775
75.76,75.24317932128906,prediction,53,1776
75.91,75.48915100097656,prediction,53,1777
76.04,75.63263702392578,prediction,53,1778
76.18,75.22636413574219,prediction,53,1779
76.63,75.35299682617188,prediction,54,1780
76.93,75.23383331298828,prediction,54,1781
77.15,75.46407318115234,prediction,54,1782
77.34,75.7351303100586,prediction,54,1783
77.49,75.55963897705078,prediction,54,1784
77.64,75.637451171875,prediction,54,1785
77.8,75.24320220947266,prediction,54,1786
77.94,75.48916625976562,prediction,54,1787
78.06,75.63265228271484,prediction,54,1788
78.18,75.22637939453125,prediction,54,1789
78.31,75.35299682617188,prediction,55,1790
78.44,75.23384857177734,prediction,55,1791
78.55,75.4640884399414,prediction,55,1792
78.65,75.73514556884766,prediction,55,1793
78.75,75.55965423583984,prediction,55,1794
78.85,75.637451171875,prediction,55,1795
78.95,75.24320983886719,prediction,55,1796
79.04,75.48917388916016,prediction,55,1797
79.13,75.63265991210938,prediction,55,1798
79.22,75.22640228271484,prediction,55,1799
79.31,75.35299682617188,prediction,56,1800
79.39,75.23384857177734,prediction,56,1801
79.48,75.4640884399414,prediction,56,1802
79.57,75.73514556884766,prediction,56,1803
79.66,75.55965423583984,prediction,56,1804
79.76,75.63745880126953,prediction,56,1805
79.84,75.24320983886719,prediction,56,1806
79.92,75.48918151855469,prediction,56,1807
80.01,75.63265991210938,prediction,56,1808
80.09,75.22639465332031,prediction,56,1809
80.11,75.3530044555664,prediction,57,1810
80.11,75.23384857177734,prediction,57,1811
80.12,75.46409606933594,prediction,57,1812
80.13,75.73514556884766,prediction,57,1813
80.13,75.55965423583984,prediction,57,1814
80.13,75.63745880126953,prediction,57,1815
80.13,75.24322509765625,prediction,57,1816
80.13,75.48918151855469,prediction,57,1817
80.14,75.6326675415039,prediction,57,1818
80.15,75.22640991210938,prediction,57,1819
80.15,75.35301208496094,prediction,58,1820
80.15,75.23384857177734,prediction,58,1821
80.15,75.46409606933594,prediction,58,1822
80.16,75.73514556884766,prediction,58,1823
